Workbook

Sheet summury
B2: goodnotes TC
B4: 수행 환경 | C4: 수행자 | D4: 테스트 기간
B5: Android | C5: N/A | D5: version | E5: N/A
B6: iOS | C6: 아이폰 17 pro | D6: version | E6: 26.4.1
B7: OS | C7: Window11 | D7: version | E7: 11h2
B9: 구분 | C9: 검증 항목 | D9: Pass | E9: Fail | F9: Block | G9: N/A | H9: 성공율 | I9: 결함율 | J9: 수행율
B10: AI 기능_ios | C10: =COUNTA('AI 기능_ios'!B3:B7) | D10: =COUNTIF('AI 기능_ios'!K3:K7,"Pass") | E10: =COUNTIF('AI 기능_ios'!K3:K7,"Fail") | F10: =COUNTIF('AI 기능_ios'!K3:K7,"Block") | G10: =COUNTIF('AI 기능_ios'!K3:K7,"N/A") | H10: =IFERROR(D10/C10,0) | I10: =IFERROR(E10/C10,0) | J10: =IFERROR((D10+E10+F10)/C10,0)
B11: PDF 가져오기_ios | C11: =COUNTA('PDF 가져오기_ios'!B3:B7) | D11: =COUNTIF('PDF 가져오기_ios'!K3:K7,"Pass") | E11: =COUNTIF('PDF 가져오기_ios'!K3:K7,"Fail") | F11: =COUNTIF('PDF 가져오기_ios'!K3:K7,"Block") | G11: =COUNTIF('PDF 가져오기_ios'!K3:K7,"N/A") | H11: =IFERROR(D11/C11,0) | I11: =IFERROR(E11/C11,0) | J11: =IFERROR((D11+E11+F11)/C11,0)
B12: 구독 및 결제_ios | C12: =COUNTA('구독 및 결제_ios'!B3:B20) | D12: =COUNTIF('구독 및 결제_ios'!K3:K20,"Pass") | E12: =COUNTIF('구독 및 결제_ios'!K3:K20,"Fail") | F12: =COUNTIF('구독 및 결제_ios'!K3:K20,"Block") | G12: =COUNTIF('구독 및 결제_ios'!K3:K20,"N/A") | H12: =IFERROR(D12/C12,0) | I12: =IFERROR(E12/C12,0) | J12: =IFERROR((D12+E12+F12)/C12,0)
B13: 노트 편집_ios | C13: =COUNTA('노트 편집_ios'!B3:B10) | D13: =COUNTIF('노트 편집_ios'!K3:K10,"Pass") | E13: =COUNTIF('노트 편집_ios'!K3:K10,"Fail") | F13: =COUNTIF('노트 편집_ios'!K3:K10,"Block") | G13: =COUNTIF('노트 편집_ios'!K3:K10,"N/A") | H13: =IFERROR(D13/C13,0) | I13: =IFERROR(E13/C13,0) | J13: =IFERROR((D13+E13+F13)/C13,0)
B14: 라이브러리_ios | C14: =COUNTA('라이브러리_ios'!B3:B7) | D14: =COUNTIF('라이브러리_ios'!K3:K7,"Pass") | E14: =COUNTIF('라이브러리_ios'!K3:K7,"Fail") | F14: =COUNTIF('라이브러리_ios'!K3:K7,"Block") | G14: =COUNTIF('라이브러리_ios'!K3:K7,"N/A") | H14: =IFERROR(D14/C14,0) | I14: =IFERROR(E14/C14,0) | J14: =IFERROR((D14+E14+F14)/C14,0)
B15: 클라우드 동기화_ios | C15: =COUNTA('클라우드 동기화_ios'!B3:B7) | D15: =COUNTIF('클라우드 동기화_ios'!K3:K7,"Pass") | E15: =COUNTIF('클라우드 동기화_ios'!K3:K7,"Fail") | F15: =COUNTIF('클라우드 동기화_ios'!K3:K7,"Block") | G15: =COUNTIF('클라우드 동기화_ios'!K3:K7,"N/A") | H15: =IFERROR(D15/C15,0) | I15: =IFERROR(E15/C15,0) | J15: =IFERROR((D15+E15+F15)/C15,0)
B19: 총 합계 | C19: =SUM(C10:C18) | D19: =SUM(D10:D18) | E19: =SUM(E10:E18) | F19: =SUM(F10:F18) | G19: =SUM(G10:G18) | H19: =IFERROR(D19/C19,0) | I19: =IFERROR(E19/C19,0) | J19: =IFERROR((D19+E19+F19)/C19,0)

Sheet AI 기능_ios
B2: TC ID | C2: priority | D2: 1 Step | E2: 2 Step | F2: 3 Step | G2: 4 Step | H2: 5 Step | I2: pre-condition | J2: 기대결과 | K2: result | L2: Jira ticket
B3: 1 | C3: high | D3: 도구 바에서 '올가미' 도구 버튼을 탭한다 | E3: 본문 영역을 둘러싸는 폐곡선을 그린다 | F3: 컨텍스트 메뉴에서 'AI'를 탭한다 | G3: 'AI' 하위 메뉴에서 '요약'을 탭한다 | I3: AI Pass 구독 활성, 노트 1개에 텍스트/손글씨 100단어 이상, 네트워크 정상 | J3: 요약 결과 패널이 5초 이내 표시되고 원문보다 짧은 요약 텍스트가 노출되어야 한다
B4: 2 | C4: high | D4: 도구 바에서 '오디오 녹음' 버튼을 탭한다 | E4: 10초간 한국어로 발화한다 | F4: '정지' 버튼을 탭한다 | I4: AI Pass 구독 활성, 마이크 권한 허용, 노트 편집 화면 | J4: 녹음이 노트에 첨부되고 자동 전사 텍스트가 노트 본문에 삽입되어야 한다
B5: 3 | C5: mid | D5: 요약 패널 하단 '노트에 삽입' 버튼을 탭한다 | I5: AI 요약 결과 패널이 노출된 상태 | J5: 요약 텍스트가 새 텍스트 박스로 노트에 삽입되고 요약 패널이 닫혀야 한다
B6: 4 | C6: mid | D6: 컨텍스트 메뉴에서 'AI'를 탭한다 | E6: 'AI' 하위 메뉴에서 '요약'을 탭한다 | I6: AI Pass 구독 활성, 디바이스 비행기 모드, 본문 선택 완료 | J6: 네트워크 오류 안내가 표시되고 재시도 버튼이 노출되어야 한다
B7: 5 | C7: high | D7: 도구 바에서 '올가미' 도구 버튼을 탭한다 | E7: 본문 영역을 둘러싸는 폐곡선을 그린다 | F7: 컨텍스트 메뉴에서 'AI'를 탭한다 | G7: '요약'을 탭한다 | I7: AI Pass 미구독(무료 플랜), 노트 편집 화면 | J7: AI Pass 구독 안내 모달이 표시되고 요약 요청은 전송되지 않아야 한다

Sheet PDF 가져오기_ios
B2: TC ID | C2: priority | D2: 1 Step | E2: 2 Step | F2: 3 Step | G2: 4 Step | H2: 5 Step | I2: pre-condition | J2: 기대결과 | K2: result | L2: Jira ticket
B3: 1 | C3: high | D3: 라이브러리 '+' 버튼을 탭한다 | E3: '가져오기' 옵션을 탭한다 | F3: 파일 앱 시트에서 대상 PDF를 탭한다 | G3: 가져오기 진행 표시가 끝날 때까지 대기한다 | I3: iOS 파일 앱에 임의의 PDF(10페이지 이내) 1개 존재 | J3: PDF가 라이브러리에 새 항목으로 추가되고 첫 페이지 썸네일이 표시되어야 한다
B4: 2 | C4: mid | D4: 사이드바 열기 버튼을 탭한다 | E4: 페이지 썸네일을 길게 누른다 | F4: 컨텍스트 메뉴에서 '회전'을 탭한다 | G4: '오른쪽 90°'를 탭한다 | I4: 가져온 PDF 1개를 연 상태 | J4: 선택한 페이지가 시계 방향 90° 회전된 방향으로 표시되어야 한다
B5: 3 | C5: mid | D5: Apple Pencil로 PDF 페이지 위에 빨간 동그라미를 그린다 | E5: 좌상단 '라이브러리' 버튼을 탭한다 | F5: 라이브러리에서 동일 PDF 썸네일을 탭한다 | I5: PDF 1개 열린 상태 | J5: 이전에 그린 빨간 동그라미가 동일 위치에 보존된 채 표시되어야 한다
B6: 4 | C6: mid | D6: 사이드바에서 1페이지 썸네일을 탭한다 | E6: 사이드바에서 2페이지 썸네일을 탭한다 | F6: 사이드바에서 3페이지 썸네일을 탭한다 | I6: PDF 3페이지 모두에 서로 다른 마크업이 있는 상태 | J6: 각 페이지마다 자신의 마크업만 표시되고 다른 페이지의 마크업이 섞여 보이지 않아야 한다
B7: 5 | C7: low | D7: 라이브러리 '+' 버튼을 탭한다 | E7: '가져오기' 옵션을 탭한다 | F7: 파일 앱 시트에서 암호 PDF 또는 손상된 PDF를 탭한다 | I7: 암호로 보호된 PDF 또는 손상된 PDF 1개를 파일 앱에 보유 | J7: 가져오기 실패 안내 다이얼로그가 표시되고 라이브러리에 항목이 추가되지 않아야 한다

Sheet 구독 및 결제_ios
B2: TC ID | C2: priority | D2: 1 Step | E2: 2 Step | F2: 3 Step | G2: 4 Step | H2: 5 Step | I2: pre-condition | J2: 기대결과 | K2: result | L2: Jira ticket
B3: 1 | C3: high | D3: '플랜 업그레이드'를 탭한다 | I3: Goodnotes 실행, 설정 화면 진입 | J3: 플랜 업그레이드 옵션창이 노출되어야 한다
B4: 2 | C4: high | D4: '플랜 업그레이드'를 탭한다 | E4: '플랜 업그레이드 옵션' 영역을 본다 | F4: '무료' 옵션을 탭한다 | I4: 플랜 업그레이드 옵션창 진입 | J4: '무료' 옵션이 선택되어 현재 플랜으로 표시되어야 한다
B5: 3 | C5: high | D5: '플랜 업그레이드'를 탭한다 | E5: '플랜 업그레이드 옵션' 영역을 본다 | F5: '베이직' 옵션을 탭한다 | I5: 플랜 업그레이드 옵션창 진입 | J5: 베이직 옵션의 금액(월/연간)이 노출되어야 한다
B6: 4 | C6: high | D6: '플랜 업그레이드'를 탭한다 | E6: '플랜 업그레이드 옵션' 영역을 본다 | F6: '프로' 옵션을 탭한다 | I6: 플랜 업그레이드 옵션창 진입 | J6: 프로 옵션의 금액(월/연간)이 노출되어야 한다
B7: 5 | C7: high | D7: '플랜 업그레이드'를 탭한다 | E7: '플랜 업그레이드 옵션' 영역을 본다 | F7: 유료 옵션(베이직/프로)을 탭한다 | G7: '결제 승인'을 탭한다 | I7: 유료 옵션(베이직/프로) 선택 직전 | J7: 결제 승인 화면이 노출되어야 한다
B8: 6 | C8: high | D8: '플랜 업그레이드'를 탭한다 | E8: 유료 옵션(베이직/프로)을 탭한다 | F8: '결제 승인'을 탭한다 | I8: Face ID 사용 가능 기기, 결제 승인 화면 진입 직전 | J8: Face ID 인증 UI가 노출되어야 한다
B9: 7 | C9: high | D9: '플랜 업그레이드'를 탭한다 | E9: 유료 옵션(베이직/프로)을 탭한다 | F9: '결제 승인'을 탭한다 | I9: Touch ID 사용 가능 기기, 결제 승인 화면 진입 직전 | J9: Touch ID 인증 UI가 노출되어야 한다
B10: 8 | C10: high | D10: '플랜 업그레이드'를 탭한다 | E10: 유료 옵션(베이직/프로)을 탭한다 | F10: '결제 승인'을 탭한다 | I10: Face ID/Touch ID 미지원·미설정 기기, 결제 승인 화면 진입 직전 | J10: Apple 비밀번호 입력창이 노출되어야 한다
B11: 9 | C11: high | D11: '플랜 업그레이드'를 탭한다 | E11: '구매 복원'을 탭한다 | I11: 플랜 업그레이드 화면 진입 | J11: 구매 복원 프로세스가 진행되어야 한다
B12: 10 | C12: high | D12: '플랜 업그레이드'를 탭한다 | E12: '구매 복원'을 탭한다 | I12: AppStore 환불 이력 있음 | J12: 구매 복원 프로세스가 진행되고 구독 만료 창으로 이동되어야 한다
B13: 11 | C13: high | D13: '플랜 업그레이드'를 탭한다 | E13: '구매 복원'을 탭한다 | I13: Apple ID에 Goodnotes 구매 내역 없음 | J13: '구매 내역 없음' 화면이 노출되어야 한다
B14: 12 | C14: high | D14: '플랜 업그레이드'를 탭한다 | E14: '구매 복원'을 탭한다 | I14: Apple ID에 베이직 구매 내역 있음 | J14: 베이직 구매 내역이 확인되고 구매내역이 복원되어야 한다
B15: 13 | C15: high | D15: '플랜 업그레이드'를 탭한다 | E15: '구매 복원'을 탭한다 | I15: Apple ID에 프로 구매 내역 있음 | J15: 프로 구매 내역이 확인되고 구매내역이 복원되어야 한다
B16: 14 | C16: high | D16: '플랜 업그레이드'를 탭한다 | E16: '구매 복원'을 탭한다 | F16: '가족 공유' 옵션을 탭한다 | I16: 가족 공유 그룹 구성원, 관리자에게 활성 구독 있음 | J16: 가족 공유 옵션이 동작하여 공유 구독이 인식되어야 한다
B17: 15 | C17: high | D17: '플랜 업그레이드'를 탭한다 | E17: '구매 복원'을 탭한다 | F17: '가족 공유' 옵션을 탭한다 | I17: 가족 공유 그룹 구성원, 관리자 계정에 AppStore 환불 이력 있음 | J17: 가족 공유 구독 만료 창으로 이동되어야 한다
B18: 16 | C18: high | D18: '플랜 업그레이드'를 탭한다 | E18: '구매 복원'을 탭한다 | F18: '가족 공유' 옵션을 탭한다 | G18: 공유 플랜 항목을 본다 | I18: 가족 공유 그룹 구성원, 관리자가 베이직 구독 보유 | J18: 가족 공유 구독으로 베이직이 노출되어야 한다
B19: 17 | C19: high | D19: '플랜 업그레이드'를 탭한다 | E19: '구매 복원'을 탭한다 | F19: '가족 공유' 옵션을 탭한다 | G19: 공유 플랜 항목을 본다 | I19: 가족 공유 그룹 구성원, 관리자가 프로 구독 보유 | J19: 가족 공유 구독으로 프로가 노출되어야 한다
B20: 18 | C20: high | D20: '플랜 업그레이드'를 탭한다 | E20: '구매 복원'을 탭한다 | F20: '가족 공유' 옵션을 탭한다 | G20: 공유 플랜 항목을 본다 | I20: 가족 공유 그룹 구성원, 관리자에게 구매 내역 없음 | J20: 가족공유 구독 구매내역 없음이 노출되어야 한다

Sheet 노트 편집_ios
B2: TC ID | C2: priority | D2: 1 Step | E2: 2 Step | F2: 3 Step | G2: 4 Step | H2: 5 Step | I2: pre-condition | J2: 기대결과 | K2: result | L2: Jira ticket
B3: 1 | C3: high | D3: 라이브러리에서 노트북 썸네일을 탭한다 | E3: 사이드바에서 빈 페이지를 탭한다 | F3: Apple Pencil로 페이지 위에 임의의 선을 긋는다 | I3: 노트북 1권 생성, Apple Pencil 페어링 완료 | J3: 기본 펜 색상·굵기로 선이 즉시 렌더링되고 도구 바의 펜 도구 아이콘이 활성 상태로 표시되어야 한다
B4: 2 | C4: high | D4: 도구 바에서 '하이라이터' 버튼을 탭한다 | E4: 페이지 위 텍스트 영역을 그어 강조한다 | F4: 도구 바에서 '지우개' 버튼을 탭한다 | G4: 방금 그은 하이라이트를 문지른다 | I4: 노트 편집 화면, 펜 도구 활성 | J4: 하이라이터는 반투명 색상으로 그려지고 지우개 적용 후 해당 하이라이트만 제거되어야 한다
B5: 3 | C5: mid | D5: Apple Pencil로 사각형 모양을 그린다 | E5: 그리기 종료 위치에서 펜을 떼지 않고 1초 유지한다 | I5: 노트 편집 화면, 펜 도구 활성, 도형 자동 정리 옵션 ON | J5: 손그림이 정렬된 직사각형으로 자동 변환되어야 한다
B6: 4 | C6: mid | D6: 도구 바에서 '올가미' 도구 버튼을 탭한다 | E6: 손글씨 영역을 둘러싸는 폐곡선을 그린다 | F6: 컨텍스트 메뉴에서 '텍스트로 변환'을 탭한다 | I6: 노트 편집 화면, 손글씨 5단어 이상 입력된 상태 | J6: 선택된 손글씨가 인쇄체 텍스트로 변환되어 미리보기와 함께 표시되어야 한다
B7: 5 | C7: mid | D7: 도구 바 우측 '페이지 추가' 버튼을 탭한다 | E7: 사이드바 열기 버튼을 탭한다 | F7: 첫 페이지 썸네일을 길게 누른다 | G7: 컨텍스트 메뉴에서 '삭제'를 탭한다 | I7: 노트 편집 화면, 페이지 1개 | J7: 페이지 추가 후 총 2페이지로 표시되며, 첫 페이지 삭제 후 1페이지만 남아야 한다
B8: 6 | C8: mid | D8: 도구 바의 '실행 취소' 버튼을 탭한다 | E8: 도구 바의 '다시 실행' 버튼을 탭한다 | I8: 노트 편집 화면, 임의의 선 1개 그어진 상태 | J8: 실행 취소 시 마지막 선이 사라지고, 다시 실행 시 동일 위치·색상으로 복원되어야 한다
B9: 7 | C9: mid | D9: 도구 바에서 'T'(텍스트) 도구 버튼을 탭한다 | E9: 페이지의 빈 영역을 탭한다 | F9: 키보드로 '회의 안건'을 입력한다 | I9: 노트 편집 화면 | J9: 지정한 위치에 텍스트 박스가 생성되고 입력한 문자열이 그대로 표시되어야 한다
B10: 8 | C10: low | D10: 두 손가락으로 핀치 아웃 제스처를 수행한다 | E10: 두 손가락으로 핀치 인 제스처를 수행한다 | I10: 노트 편집 화면 | J10: 핀치 아웃 시 페이지가 확대되고 핀치 인 시 원래 비율로 축소되어야 한다

Sheet 라이브러리_ios
B2: TC ID | C2: priority | D2: 1 Step | E2: 2 Step | F2: 3 Step | G2: 4 Step | H2: 5 Step | I2: pre-condition | J2: 기대결과 | K2: result | L2: Jira ticket
B3: 1 | C3: high | D3: Goodnotes 앱 아이콘을 탭한다 | E3: 온보딩 화면에서 '닫기' 버튼을 탭한다 | I3: 앱 최초 설치 후 첫 실행 | J3: 빈 라이브러리 안내 문구와 '새 노트북' 만들기 CTA가 표시되어야 한다
B4: 2 | C4: mid | D4: 라이브러리 우상단 '+' 버튼을 탭한다 | E4: '노트북' 옵션을 탭한다 | F4: 표지/용지 템플릿을 탭하여 선택한다 | G4: 제목 입력 필드에 '회의록'을 입력한다 | H4: '생성' 버튼을 탭한다 | I4: 라이브러리 진입 | J4: 노트북 '회의록'이 라이브러리 첫 화면에 추가되고 노트 편집 화면으로 자동 진입되어야 한다
B5: 3 | C5: mid | D5: 라이브러리 '+' 버튼을 탭한다 | E5: '폴더' 옵션을 탭한다 | F5: 폴더 이름 입력 필드에 'Q2'를 입력한다 | G5: '생성' 버튼을 탭한다 | H5: 노트북 썸네일을 'Q2' 폴더 위로 길게 눌러 드래그한다 | I5: 라이브러리에 노트북 2권 이상 존재 | J5: 노트북이 'Q2' 폴더 내부로 이동되고 라이브러리 루트에서 사라져야 한다
B6: 4 | C6: mid | D6: 라이브러리 상단 검색창을 탭한다 | E6: 검색창에 '주간'을 입력한다 | I6: 노트북 5권 이상 존재, 그 중 1권 이름이 '주간보고' | J6: 검색 결과 목록에 '주간보고' 노트북이 표시되어야 한다
B7: 5 | C7: low | D7: 노트북 썸네일을 길게 누른다 | E7: 컨텍스트 메뉴에서 '즐겨찾기 추가'를 탭한다 | F7: 라이브러리 좌측 사이드바를 연다 | G7: '즐겨찾기' 섹션을 탭한다 | I7: 노트북 1권 이상 존재 | J7: 선택한 노트북이 '즐겨찾기' 섹션에 표시되어야 한다

Sheet 클라우드 동기화_ios
B2: TC ID | C2: priority | D2: 1 Step | E2: 2 Step | F2: 3 Step | G2: 4 Step | H2: 5 Step | I2: pre-condition | J2: 기대결과 | K2: result | L2: Jira ticket
B3: 1 | C3: high | D3: 설정 화면을 연다 | E3: 'iCloud 동기화' 토글을 탭하여 ON으로 전환한다 | F3: 라이브러리 '+' 버튼을 탭한다 | G3: '노트북' 옵션을 탭한 뒤 제목 'Sync Test'를 입력하고 '생성'을 탭한다 | H3: 다른 iPad에서 라이브러리 화면을 아래로 당겨 새로고침한다 | I3: iOS 설정에서 iCloud 로그인 완료, 동일 Apple ID의 다른 iPad에 Goodnotes 설치 | J3: 다른 iPad의 라이브러리에 'Sync Test' 노트북이 30초 이내 표시되어야 한다
B4: 2 | C4: high | D4: 설정 화면을 연다 | E4: '백업' 메뉴를 탭한다 | F4: 'Google Drive' 항목을 탭한다 | G4: Google OAuth 화면에서 계정을 선택하고 '동의' 버튼을 탭한다 | H4: '백업 시작' 버튼을 탭한다 | I4: Google Drive 계정 보유, 네트워크 정상 | J4: Google Drive 계정과 연동되고 백업 진행 상태가 표시되어야 한다
B5: 3 | C5: high | D5: 제어센터에서 '비행기 모드' 토글을 탭하여 ON으로 전환한다 | E5: 도구 바 우측 '페이지 추가' 버튼을 탭한다 | F5: 제어센터에서 '비행기 모드' 토글을 탭하여 OFF로 전환한다 | G5: 30초간 대기한다 | I5: iCloud 동기화 활성, 노트북 1개 편집 중 | J5: 오프라인 중 편집은 로컬에 저장되고 온라인 복귀 후 자동으로 iCloud에 업로드되어야 한다
B6: 4 | C6: high | D6: 두 디바이스 모두 네트워크를 연결한다 | E6: 각 디바이스에서 라이브러리 화면을 아래로 당겨 새로고침한다 | F6: 라이브러리에서 해당 노트 썸네일을 탭한다 | I6: 동일 노트가 두 디바이스에서 동시에 다른 위치에 마크업된 상태 | J6: 양쪽 디바이스의 마크업이 모두 보존된 상태로 머지되어 표시되어야 한다
B7: 5 | C7: high | D7: 설정 화면을 연다 | E7: '백업' 메뉴를 탭한다 | F7: 'Google Drive에서 복원' 항목을 탭한다 | G7: 복원 대상 백업을 탭하여 선택한다 | H7: '시작' 버튼을 탭한다 | I7: Google Drive에 이전 백업 1개 존재, 앱 재설치 직후 | J7: 복원 진행 표시가 끝나면 라이브러리에 이전 노트북 목록이 모두 복구되어야 한다
