Workbook

Sheet summury
B2: goodnotes TC
B4: 수행 환경 | C4: 수행자 | D4: 테스트 기간
B5: Android | D5: version
B6: iOS | D6: version
B7: OS | D7: version
B9: 구분 | C9: 검증 항목 | D9: Pass | E9: Fail | F9: Block | G9: N/A | H9: 성공율 | I9: 결함율 | J9: 수행율
B10: PDF뷰어_and | C10: =COUNTA('PDF뷰어_and'!B3:B4) | D10: =COUNTIF('PDF뷰어_and'!K3:K4,"Pass") | E10: =COUNTIF('PDF뷰어_and'!K3:K4,"Fail") | F10: =COUNTIF('PDF뷰어_and'!K3:K4,"Block") | G10: =COUNTIF('PDF뷰어_and'!K3:K4,"N/A") | H10: =IFERROR(D10/C10,0) | I10: =IFERROR(E10/C10,0) | J10: =IFERROR((D10+E10+F10)/C10,0)
B11: PDF뷰어_ios | C11: =COUNTA('PDF뷰어_ios'!B3:B5) | D11: =COUNTIF('PDF뷰어_ios'!K3:K5,"Pass") | E11: =COUNTIF('PDF뷰어_ios'!K3:K5,"Fail") | F11: =COUNTIF('PDF뷰어_ios'!K3:K5,"Block") | G11: =COUNTIF('PDF뷰어_ios'!K3:K5,"N/A") | H11: =IFERROR(D11/C11,0) | I11: =IFERROR(E11/C11,0) | J11: =IFERROR((D11+E11+F11)/C11,0)
B12: 구독관리_and | C12: =COUNTA('구독관리_and'!B3:B4) | D12: =COUNTIF('구독관리_and'!K3:K4,"Pass") | E12: =COUNTIF('구독관리_and'!K3:K4,"Fail") | F12: =COUNTIF('구독관리_and'!K3:K4,"Block") | G12: =COUNTIF('구독관리_and'!K3:K4,"N/A") | H12: =IFERROR(D12/C12,0) | I12: =IFERROR(E12/C12,0) | J12: =IFERROR((D12+E12+F12)/C12,0)
B13: 구독관리_ios | C13: =COUNTA('구독관리_ios'!B3:B7) | D13: =COUNTIF('구독관리_ios'!K3:K7,"Pass") | E13: =COUNTIF('구독관리_ios'!K3:K7,"Fail") | F13: =COUNTIF('구독관리_ios'!K3:K7,"Block") | G13: =COUNTIF('구독관리_ios'!K3:K7,"N/A") | H13: =IFERROR(D13/C13,0) | I13: =IFERROR(E13/C13,0) | J13: =IFERROR((D13+E13+F13)/C13,0)
B14: 노트편집_and | C14: =COUNTA('노트편집_and'!B3:B4) | D14: =COUNTIF('노트편집_and'!K3:K4,"Pass") | E14: =COUNTIF('노트편집_and'!K3:K4,"Fail") | F14: =COUNTIF('노트편집_and'!K3:K4,"Block") | G14: =COUNTIF('노트편집_and'!K3:K4,"N/A") | H14: =IFERROR(D14/C14,0) | I14: =IFERROR(E14/C14,0) | J14: =IFERROR((D14+E14+F14)/C14,0)
B15: 노트편집_ios | C15: =COUNTA('노트편집_ios'!B3:B6) | D15: =COUNTIF('노트편집_ios'!K3:K6,"Pass") | E15: =COUNTIF('노트편집_ios'!K3:K6,"Fail") | F15: =COUNTIF('노트편집_ios'!K3:K6,"Block") | G15: =COUNTIF('노트편집_ios'!K3:K6,"N/A") | H15: =IFERROR(D15/C15,0) | I15: =IFERROR(E15/C15,0) | J15: =IFERROR((D15+E15+F15)/C15,0)
B16: 노트편집_web | C16: =COUNTA('노트편집_web'!B3:B4) | D16: =COUNTIF('노트편집_web'!K3:K4,"Pass") | E16: =COUNTIF('노트편집_web'!K3:K4,"Fail") | F16: =COUNTIF('노트편집_web'!K3:K4,"Block") | G16: =COUNTIF('노트편집_web'!K3:K4,"N/A") | H16: =IFERROR(D16/C16,0) | I16: =IFERROR(E16/C16,0) | J16: =IFERROR((D16+E16+F16)/C16,0)
B17: 로그인 화면_and | C17: =COUNTA('로그인 화면_and'!B3:B3) | D17: =COUNTIF('로그인 화면_and'!K3:K3,"Pass") | E17: =COUNTIF('로그인 화면_and'!K3:K3,"Fail") | F17: =COUNTIF('로그인 화면_and'!K3:K3,"Block") | G17: =COUNTIF('로그인 화면_and'!K3:K3,"N/A") | H17: =IFERROR(D17/C17,0) | I17: =IFERROR(E17/C17,0) | J17: =IFERROR((D17+E17+F17)/C17,0)
B18: 메인 페이지_web | C18: =COUNTA('메인 페이지_web'!B3:B3) | D18: =COUNTIF('메인 페이지_web'!K3:K3,"Pass") | E18: =COUNTIF('메인 페이지_web'!K3:K3,"Fail") | F18: =COUNTIF('메인 페이지_web'!K3:K3,"Block") | G18: =COUNTIF('메인 페이지_web'!K3:K3,"N/A") | H18: =IFERROR(D18/C18,0) | I18: =IFERROR(E18/C18,0) | J18: =IFERROR((D18+E18+F18)/C18,0)
B19: 총 합계 | C19: =SUM(C10:C18) | D19: =SUM(D10:D18) | E19: =SUM(E10:E18) | F19: =SUM(F10:F18) | G19: =SUM(G10:G18) | H19: =IFERROR(D19/C19,0) | I19: =IFERROR(E19/C19,0) | J19: =IFERROR((D19+E19+F19)/C19,0)

Sheet PDF뷰어_and
B2: TC ID | C2: priority | D2: 1 Step | E2: 2 Step | F2: 3 Step | G2: 4 Step | H2: 5 Step | I2: pre-condition | J2: 기대결과 | K2: result | L2: Jira ticket | M2: 비고
B3: 1 | C3: high | D3: 라이브러리에서 PDF 파일을 탭하여 연다 | E3: 스와이프 제스처로 페이지를 스크롤한다 | I3: 앱 로그인 완료, PDF 파일 보유 | J3: PDF가 정상적으로 열리고 페이지가 스크롤되어야 한다
B4: 2 | C4: mid | D4: 기기의 네트워크를 비행기 모드로 전환한다 | E4: 이미 열린 PDF를 스크롤한다 | I4: 앱 로그인 완료, PDF 파일 열린 상태 | J4: 오프라인에서도 이미 로드된 PDF 페이지가 정상적으로 표시되어야 한다

Sheet PDF뷰어_ios
B2: TC ID | C2: priority | D2: 1 Step | E2: 2 Step | F2: 3 Step | G2: 4 Step | H2: 5 Step | I2: pre-condition | J2: 기대결과 | K2: result | L2: Jira ticket | M2: 비고
B3: 1 | C3: high | D3: 라이브러리에서 PDF 파일을 탭하여 연다 | E3: 스와이프 제스처로 페이지를 스크롤한다 | F3: 10페이지 이상 연속 스크롤한다 | I3: 앱 로그인 완료, 100페이지 이상의 PDF 파일 보유 | J3: 페이지 전환이 60fps를 유지하며 끊김 없이 표시되어야 한다
B4: 2 | C4: mid | D4: 펜 툴을 선택한다 | E4: PDF 페이지에 손글씨 주석을 추가한다 | F4: 공유 버튼을 탭한다 | G4: 'PDF로 내보내기'를 선택한다 | I4: PDF 파일이 열려 있는 상태 | J4: 주석이 포함된 PDF 파일이 내보내기 되어야 한다
B5: 3 | C5: high | D5: 500MB 이상의 대용량 PDF 파일을 가져오기 시도한다 | I5: 앱 로그인 완료 | J5: 파일 크기 초과 안내 메시지가 표시되거나, 로딩 중 진행 표시기가 정상적으로 표시되어야 한다. 앱이 크래시되어서는 안 된다

Sheet 구독관리_and
B2: TC ID | C2: priority | D2: 1 Step | E2: 2 Step | F2: 3 Step | G2: 4 Step | H2: 5 Step | I2: pre-condition | J2: 기대결과 | K2: result | L2: Jira ticket | M2: 비고
B3: 1 | C3: high | D3: 설정 메뉴에서 '구독' 항목을 탭한다 | E3: 'Pro' 플랜 카드를 탭한다 | F3: 결제 시트에서 '구매' 버튼을 탭한다 | I3: Google Play 로그인 완료, 무료 플랜 사용 중 | J3: Pro 플랜으로 업그레이드되고 구독 상태 화면에 'Pro' 배지가 표시되어야 한다
B4: 2 | C4: high | D4: 결제 시트에서 '구매' 버튼을 탭한다 | E4: 결제 흐름 중 앱을 강제 종료한다 | F4: 앱을 재시작하여 구독 상태를 확인한다 | I4: 앱 로그인 완료, 구독 결제 화면 진입 | J4: 결제가 완료되지 않았다면 구독 상태가 변경되지 않아야 하며, 중복 청구가 발생해서는 안 된다

Sheet 구독관리_ios
B2: TC ID | C2: priority | D2: 1 Step | E2: 2 Step | F2: 3 Step | G2: 4 Step | H2: 5 Step | I2: pre-condition | J2: 기대결과 | K2: result | L2: Jira ticket | M2: 비고
B3: 1 | C3: high | D3: 설정 메뉴에서 '구독' 항목을 탭한다 | E3: 'Pro' 플랜 카드를 탭한다 | F3: 결제 시트에서 '구매' 버튼을 탭한다 | G3: Face ID 인증을 완료한다 | I3: App Store 로그인 완료, 무료 플랜 사용 중 | J3: Pro 플랜으로 업그레이드되고 구독 상태 화면에 'Pro' 배지가 표시되어야 한다
B4: 2 | C4: high | D4: 설정 메뉴에서 '구독' 항목을 탭한다 | E4: '무료 체험 시작' 버튼을 탭한다 | F4: 체험 조건 확인 후 '확인' 버튼을 탭한다 | I4: App Store 로그인 완료, 무료 플랜 사용 중 | J4: 무료 체험이 시작되고 체험 종료일이 구독 화면에 표시되어야 한다
B5: 3 | C5: high | D5: 설정 메뉴에서 '앱 잠금' 항목을 탭한다 | E5: 비밀번호 잠금을 활성화한다 | F5: 앱을 백그라운드로 보낸 후 포그라운드로 복귀한다 | I5: 앱 설치됨, Face ID 비활성화 상태 | J5: 비밀번호 입력 화면이 표시되어야 하며, 올바른 비밀번호 입력 전까지 앱 내용이 가려져야 한다
B6: 4 | C6: high | D6: 설정에서 'Face ID 잠금'을 활성화한다 | E6: 앱을 백그라운드로 보낸다 | F6: 타인의 얼굴로 Face ID 인증을 시도한다 | I6: 앱 설치됨, Face ID 활성화 상태 | J6: Face ID 인증이 실패하고 비밀번호 입력 폴백 화면이 표시되어야 한다
B7: 5 | C7: high | D7: 구독 화면에서 'Pro' 플랜을 탭한다 | E7: 결제 시트에서 '구매' 버튼을 탭한다 | F7: 결제 중 앱을 백그라운드로 보낸다 | I7: App Store 로그인 완료, 무료 플랜 사용 중 | J7: 결제 흐름이 중단되어야 하며, 이미 결제된 경우 구독 상태가 정상 반영되어야 한다. 중복 청구가 발생해서는 안 된다

Sheet 노트편집_and
B2: TC ID | C2: priority | D2: 1 Step | E2: 2 Step | F2: 3 Step | G2: 4 Step | H2: 5 Step | I2: pre-condition | J2: 기대결과 | K2: result | L2: Jira ticket | M2: 비고
B3: 1 | C3: high | D3: 텍스트 입력 필드를 탭한다 | E3: 키보드로 텍스트를 입력한다 | F3: 상단 툴바의 'AI 요약' 버튼을 탭한다 | I3: 앱 설치 및 로그인 완료, 빈 노트 열린 상태 | J3: 텍스트가 표시되어야 하며, AI 요약 결과 패널이 나타나야 한다
B4: 2 | C4: mid | D4: AI 자동 노트 생성 버튼을 탭한다 | E4: AI 응답 중 네트워크를 비행기 모드로 전환한다 | I4: 앱 설치 및 로그인 완료, AI 기능 사용 중 | J4: AI 요청 실패 오류 메시지가 표시되어야 하며, 앱이 크래시 없이 동작해야 한다

Sheet 노트편집_ios
B2: TC ID | C2: priority | D2: 1 Step | E2: 2 Step | F2: 3 Step | G2: 4 Step | H2: 5 Step | I2: pre-condition | J2: 기대결과 | K2: result | L2: Jira ticket | M2: 비고
B3: 1 | C3: high | D3: 텍스트 입력 필드를 탭한다 | E3: 키보드로 텍스트를 입력한다 | F3: Apple Pencil로 손글씨를 추가한다 | G3: 상단 툴바의 'AI 요약' 버튼을 탭한다 | I3: 앱 설치 및 로그인 완료, 빈 노트 열린 상태 | J3: 텍스트와 손글씨가 함께 표시되어야 하며, AI 요약 결과 패널이 나타나야 한다
B4: 2 | C4: mid | D4: 마이크 아이콘을 탭하여 음성 전사를 시작한다 | E4: 10초간 발화한다 | F4: 마이크 아이콘을 다시 탭하여 전사를 중지한다 | I4: 앱 설치 및 로그인 완료, 노트 내용 1페이지 이상 존재 | J4: 발화 내용이 텍스트로 변환되어 노트에 삽입되어야 한다
B5: 3 | C5: high | D5: 노트 편집 중 AI 요약 버튼을 탭한다 | E5: 네트워크 트래픽 분석 도구로 요청을 확인한다 | I5: 앱 로그인 완료, 네트워크 연결 상태 | J5: AI 요청 시 노트 내용이 HTTPS로 암호화 전송되어야 하며, 평문 노출이 없어야 한다
B6: 4 | C6: high | D6: 기기의 네트워크를 비행기 모드로 전환한다 | E6: 텍스트를 입력한다 | F6: 저장 버튼을 탭한다 | I6: 앱 설치 및 로그인 완료, 노트 편집 화면 진입 | J6: 오프라인 상태에서도 텍스트가 로컬에 저장되어야 하며, 네트워크 오류 메시지 없이 정상 동작해야 한다

Sheet 노트편집_web
B2: TC ID | C2: priority | D2: 1 Step | E2: 2 Step | F2: 3 Step | G2: 4 Step | H2: 5 Step | I2: pre-condition | J2: 기대결과 | K2: result | L2: Jira ticket | M2: 비고
B3: 1 | C3: mid | D3: 텍스트 입력 필드를 클릭한다 | E3: 키보드로 텍스트를 입력한다 | F3: 'AI 요약' 버튼을 클릭한다 | I3: 브라우저에서 GoodNotes Web 로그인 완료, 빈 노트 열린 상태 | J3: 텍스트가 표시되어야 하며, AI 요약 결과가 사이드 패널에 나타나야 한다
B4: 2 | C4: mid | D4: 5,000자 이상의 텍스트를 붙여넣기한다 | E4: 'AI 요약' 버튼을 클릭한다 | I4: 브라우저에서 GoodNotes Web 로그인 완료, 노트 편집 화면 진입 | J4: 대용량 텍스트에 대해서도 AI 요약이 정상 동작하거나, 길이 초과 안내 메시지가 표시되어야 한다

Sheet 로그인 화면_and
B2: TC ID | C2: priority | D2: 1 Step | E2: 2 Step | F2: 3 Step | G2: 4 Step | H2: 5 Step | I2: pre-condition | J2: 기대결과 | K2: result | L2: Jira ticket | M2: 비고
B3: 1 | C3: high | D3: 딥링크를 연다 | E3: 생체 인증을 시도한다 | F3: 결과를 확인한다 | I3: 앱 설치됨 네트워크 연결 | J3: 로그인 성공 화면이 표시된다

Sheet 메인 페이지_web
B2: TC ID | C2: priority | D2: 1 Step | E2: 2 Step | F2: 3 Step | G2: 4 Step | H2: 5 Step | I2: pre-condition | J2: 기대결과 | K2: result | L2: Jira ticket | M2: 비고
B3: 1 | C3: low | D3: 앱을 실행한다 | E3: 탭 비활성화 상태를 확인한다 | J3: 비활성화 확인한다

Sheet 학습도구_and
B2: TC ID | C2: priority | D2: 1 Step | E2: 2 Step | F2: 3 Step | G2: 4 Step | H2: 5 Step | I2: pre-condition | J2: 기대결과 | K2: result | L2: Jira ticket | M2: 비고
B3: 1 | C3: mid | D3: '새 학습 세트' 버튼을 탭한다 | E3: 세트 이름 입력 필드에 이름을 입력한다 | F3: '저장' 버튼을 탭한다 | I3: 앱 로그인 완료, 학습 세트 화면 진입 상태 | J3: 학습 세트가 생성되고 목록에 표시되어야 한다

Sheet 학습도구_ios
B2: TC ID | C2: priority | D2: 1 Step | E2: 2 Step | F2: 3 Step | G2: 4 Step | H2: 5 Step | I2: pre-condition | J2: 기대결과 | K2: result | L2: Jira ticket | M2: 비고
B3: 1 | C3: mid | D3: '새 학습 세트' 버튼을 탭한다 | E3: 세트 이름 입력 필드에 이름을 입력한다 | F3: '카드 추가' 버튼을 탭한다 | G3: 앞면과 뒷면 내용을 입력한다 | H3: '저장' 버튼을 탭한다 | I3: 앱 로그인 완료, 학습 세트 화면 진입 상태 | J3: 학습 세트가 생성되고 카드 목록에 표시되어야 한다
B4: 2 | C4: mid | D4: 학습 세트를 탭하여 학습 모드를 시작한다 | E4: 카드를 탭하여 뒷면을 표시한다 | F4: '정답' 버튼을 탭한다 | I4: 학습 세트 3장 이상 카드 존재 | J4: 다음 카드로 이동하고 정답 카운트가 증가해야 한다
B5: 3 | C5: low | D5: 학습 세트 이름 입력 필드에 아무것도 입력하지 않는다 | E5: '저장' 버튼을 탭한다 | I5: 앱 로그인 완료, 학습 세트 생성 화면 진입 | J5: '이름을 입력해 주세요' 유효성 오류 메시지가 표시되어야 하며, 빈 이름의 세트가 생성되어서는 안 된다

Sheet 협업공유_and
B2: TC ID | C2: priority | D2: 1 Step | E2: 2 Step | F2: 3 Step | G2: 4 Step | H2: 5 Step | I2: pre-condition | J2: 기대결과 | K2: result | L2: Jira ticket | M2: 비고
B3: 1 | C3: mid | D3: 공유 버튼을 탭한다 | E3: '링크 공유' 옵션을 탭한다 | F3: '링크 복사' 버튼을 탭한다 | I3: 앱 로그인 완료, 노트 문서 열린 상태 | J3: 공유 링크가 클립보드에 복사되고 확인 토스트가 표시되어야 한다
B4: 2 | C4: high | D4: 설정에서 'Touch ID 잠금'을 활성화한다 | E4: 앱을 백그라운드로 보낸다 | F4: 포그라운드로 복귀한다 | I4: 앱 로그인 완료 | J4: Touch ID 또는 비밀번호 인증 화면이 표시되어야 하며, 인증 전까지 노트 내용이 가려져야 한다

Sheet 협업공유_ios
B2: TC ID | C2: priority | D2: 1 Step | E2: 2 Step | F2: 3 Step | G2: 4 Step | H2: 5 Step | I2: pre-condition | J2: 기대결과 | K2: result | L2: Jira ticket | M2: 비고
B3: 1 | C3: high | D3: 공유 버튼을 탭한다 | E3: '링크 공유' 옵션을 탭한다 | F3: '링크 복사' 버튼을 탭한다 | I3: 앱 로그인 완료, 노트 문서 열린 상태 | J3: 공유 링크가 클립보드에 복사되고 확인 토스트가 표시되어야 한다
B4: 2 | C4: high | D4: 설정에서 'iCloud 동기화' 항목을 탭한다 | E4: 동기화 상태 아이콘을 확인한다 | I4: 앱 로그인 완료, iCloud 계정 연동 상태 | J4: iCloud 동기화 상태가 '동기화 완료'로 표시되어야 한다
B5: 3 | C5: high | D5: 공유 링크를 브라우저에서 연다 | E5: 로그인 없이 문서 내용에 접근을 시도한다 | I5: 로그아웃 상태에서 공유 링크 접근 시도 | J5: 로그인 화면으로 리다이렉션되어야 하며, 인증 없이 문서 내용이 노출되어서는 안 된다
B6: 4 | C6: high | D6: 기기 A에서 노트 첫 번째 문장을 수정한다 | E6: 기기 B에서 동일 위치를 수정한다 | F6: 두 기기 모두 저장 버튼을 탭한다 | I6: 앱 로그인 완료, 동일 노트를 두 기기에서 동시 편집 중 | J6: 동기화 충돌이 감지되고 버전 선택 UI가 표시되어야 한다

Sheet 협업공유_web
B2: TC ID | C2: priority | D2: 1 Step | E2: 2 Step | F2: 3 Step | G2: 4 Step | H2: 5 Step | I2: pre-condition | J2: 기대결과 | K2: result | L2: Jira ticket | M2: 비고
B3: 1 | C3: mid | D3: 공유 버튼을 클릭한다 | E3: '링크로 공유' 옵션을 클릭한다 | F3: '링크 복사' 버튼을 클릭한다 | I3: 브라우저에서 GoodNotes Web 로그인 완료, 노트 문서 열린 상태 | J3: 공유 URL이 클립보드에 복사되고 확인 메시지가 표시되어야 한다
B4: 2 | C4: high | D4: 만료된 공유 링크를 브라우저 주소창에 입력한다 | E4: Enter 키를 누른다 | I4: 브라우저에서 만료된 공유 링크 보유 | J4: '링크가 만료되었습니다' 오류 메시지가 표시되어야 하며, 문서 내용이 노출되어서는 안 된다

Sheet 화이트보드_and
B2: TC ID | C2: priority | D2: 1 Step | E2: 2 Step | F2: 3 Step | G2: 4 Step | H2: 5 Step | I2: pre-condition | J2: 기대결과 | K2: result | L2: Jira ticket | M2: 비고
B3: 1 | C3: high | D3: 핀치 아웃 제스처로 캔버스를 확대한다 | E3: 도형 툴에서 '사각형'을 선택한다 | F3: 캔버스에 드래그하여 사각형을 그린다 | I3: 앱 로그인 완료, 화이트보드 화면 진입 상태 | J3: 캔버스가 확대되어야 하며, 사각형이 올바르게 생성되어야 한다

Sheet 화이트보드_ios
B2: TC ID | C2: priority | D2: 1 Step | E2: 2 Step | F2: 3 Step | G2: 4 Step | H2: 5 Step | I2: pre-condition | J2: 기대결과 | K2: result | L2: Jira ticket | M2: 비고
B3: 1 | C3: high | D3: 핀치 아웃 제스처로 캔버스를 확대한다 | E3: 도형 툴에서 '사각형'을 선택한다 | F3: 캔버스에 드래그하여 사각형을 그린다 | G3: 사각형을 탭하여 선택 후 이동한다 | I3: 앱 로그인 완료, 화이트보드 화면 진입 상태 | J3: 캔버스가 확대되어야 하며, 사각형이 생성되고 이동 가능해야 한다

Sheet 화이트보드_web
B2: TC ID | C2: priority | D2: 1 Step | E2: 2 Step | F2: 3 Step | G2: 4 Step | H2: 5 Step | I2: pre-condition | J2: 기대결과 | K2: result | L2: Jira ticket | M2: 비고
B3: 1 | C3: mid | D3: 마우스 휠로 캔버스를 확대한다 | E3: 도형 툴에서 '사각형'을 선택한다 | F3: 캔버스에 드래그하여 사각형을 그린다 | I3: 브라우저에서 GoodNotes Web 로그인 완료, 화이트보드 화면 진입 상태 | J3: 캔버스가 확대되어야 하며, 사각형이 올바르게 생성되어야 한다
B4: 2 | C4: mid | D4: 협업 링크를 열어 공동 편집자로 진입한다 | E4: 두 명의 사용자가 동시에 같은 도형을 이동시킨다 | I4: 브라우저에서 GoodNotes Web 로그인 완료, 화이트보드 열린 상태 | J4: 충돌 없이 마지막 변경사항이 반영되거나, 충돌 해결 UI가 표시되어야 한다
